price_date,state_name,commodity_code,commodity_name,source_unit,currency,market_count,mean_estimated_price,median_estimated_price,mean_trust_score,interpolated_market_share,yoy_change_pct
2026-08-01,Lagos,beans,Beans,2.5 KG,NGN,1,2089.49,2089.49,8.2,0.0,-2.5651667055257787
2026-08-01,Abia,beans,Beans,2.5 KG,NGN,1,2241.58,2241.58,8.2,0.0,-3.7394896635833508
2026-08-01,Jigawa,beans,Beans,2.5 KG,NGN,1,2293.78,2293.78,8.2,0.0,3.866147437058509
2026-08-01,Katsina,beans,Beans,2.5 KG,NGN,2,2339.215,2339.215,8.2,0.0,-0.7092755499432335
2026-08-01,Kaduna,beans,Beans,2.5 KG,NGN,2,2376.0649999999996,2376.0649999999996,8.2,0.0,13.484514515924872
2026-08-01,Kano,beans,Beans,2.5 KG,NGN,2,2395.9449999999997,2395.9449999999997,8.6,0.0,11.146444368675091
2026-08-01,Kebbi,beans,Beans,2.5 KG,NGN,1,2414.68,2414.68,8.2,0.0,10.935612064410893
2026-08-01,Adamawa,beans,Beans,2.5 KG,NGN,7,2422.1114285714284,2353.0,8.842857142857143,0.0,8.026219714993111
2026-08-01,Zamfara,beans,Beans,2.5 KG,NGN,1,2488.12,2488.12,9.2,0.0,7.220670872548007
2026-08-01,Sokoto,beans,Beans,2.5 KG,NGN,1,2489.29,2489.29,8.2,0.0,8.283671036948736
2026-08-01,Borno,beans,Beans,2.5 KG,NGN,28,2613.4785714285713,2624.5150000000003,9.578571428571427,0.0,-3.847776082184562
2026-08-01,Yobe,beans,Beans,2.5 KG,NGN,18,2642.091111111111,2595.88,9.38888888888889,0.0,6.082538362585166
2026-08-01,Gombe,beans,Beans,2.5 KG,NGN,1,2712.68,2712.68,8.9,0.0,12.68090055661708
2026-08-01,Oyo,beans,Beans,2.5 KG,NGN,1,2822.31,2822.31,9.2,0.0,5.473006809025871
2026-08-01,Oyo,gari_fao,Gari,1 Kg,NGN,1,631.37,631.37,9.1,0.0,-16.516369598561376
2026-08-01,Jigawa,gari_fao,Gari,1 Kg,NGN,1,637.65,637.65,8.5,0.0,-18.694055542804687
2026-08-01,Yobe,gari_fao,Gari,1 Kg,NGN,18,655.6477777777777,655.38,9.355555555555556,0.0,-21.15485213603552
2026-08-01,Kaduna,gari_fao,Gari,1 Kg,NGN,2,662.26,662.26,8.5,0.0,-18.306071595983518
2026-08-01,Katsina,gari_fao,Gari,1 Kg,NGN,2,673.245,673.245,8.5,0.0,-15.465555018426313
2026-08-01,Kano,gari_fao,Gari,1 Kg,NGN,2,684.435,684.435,8.75,0.0,-18.447313391043252
2026-08-01,Borno,gari_fao,Gari,1 Kg,NGN,28,686.095,688.0350000000001,9.485714285714286,0.0,-21.48669100046059
2026-08-01,Zamfara,gari_fao,Gari,1 Kg,NGN,1,693.74,693.74,9.1,0.0,-8.563219148291179
2026-08-01,Adamawa,gari_fao,Gari,1 Kg,NGN,7,718.5242857142857,716.71,8.871428571428572,0.0,-16.589773865513322
2026-08-01,Gombe,gari_fao,Gari,1 Kg,NGN,1,719.2,719.2,8.9,0.0,-17.392203257448713
2026-08-01,Sokoto,gari_fao,Gari,1 Kg,NGN,1,730.23,730.23,8.5,0.0,-8.443146056145546
2026-08-01,Kebbi,gari_fao,Gari,1 Kg,NGN,1,731.8,731.8,8.5,0.0,-5.274739499061553
2026-08-01,Lagos,gari_fao,Gari,1 Kg,NGN,1,777.23,777.23,8.5,0.0,-26.11601201566599
2026-08-01,Abia,gari_fao,Gari,1 Kg,NGN,1,881.62,881.62,8.5,0.0,-19.902242250245305
2026-08-01,Kebbi,maize_fao,Maize,1 Kg,NGN,1,509.6,509.6,9.7,0.0,-1.7013232514177523
2026-08-01,Jigawa,maize_fao,Maize,1 Kg,NGN,1,532.17,532.17,9.7,0.0,-11.972541559837902
2026-08-01,Sokoto,maize_fao,Maize,1 Kg,NGN,1,539.4,539.4,9.7,0.0,-4.454875564608973
2026-08-01,Zamfara,maize_fao,Maize,1 Kg,NGN,1,553.35,553.35,9.9,0.0,-4.806550947031596
2026-08-01,Borno,maize_fao,Maize,1 Kg,NGN,28,578.2007142857143,580.71,9.935714285714285,0.0,-20.648880946510985
2026-08-01,Kaduna,maize_fao,Maize,1 Kg,NGN,2,582.465,582.465,9.7,0.0,-11.808525940450131
2026-08-01,Oyo,maize_fao,Maize,1 Kg,NGN,1,588.98,588.98,9.9,0.0,-4.606264779242641
2026-08-01,Katsina,maize_fao,Maize,1 Kg,NGN,2,593.7349999999999,593.7349999999999,9.7,0.0,-11.092892492681383
2026-08-01,Gombe,maize_fao,Maize,1 Kg,NGN,1,600.97,600.97,9.9,0.0,-42.60350508571701
2026-08-01,Kano,maize_fao,Maize,1 Kg,NGN,2,602.58,602.58,9.8,0.0,-10.571892878609113
2026-08-01,Yobe,maize_fao,Maize,1 Kg,NGN,18,616.4538888888889,615.975,9.899999999999999,0.0,-17.166056519713823
2026-08-01,Adamawa,maize_fao,Maize,1 Kg,NGN,7,656.6142857142858,652.74,9.757142857142856,0.0,-12.91290722305799
2026-08-01,Lagos,maize_fao,Maize,1 Kg,NGN,1,771.23,771.23,9.7,0.0,6.221248932595103
2026-08-01,Abia,maize_fao,Maize,1 Kg,NGN,1,1230.42,1230.42,9.7,0.0,-9.133070918476605
2026-08-01,Sokoto,rice_fao,Rice,1 Kg,NGN,1,1675.21,1675.21,9.5,0.0,-2.05684083746982
2026-08-01,Kebbi,rice_fao,Rice,1 Kg,NGN,1,1711.74,1711.74,9.5,0.0,-0.03620733957812039
2026-08-01,Zamfara,rice_fao,Rice,1 Kg,NGN,1,1716.95,1716.95,9.8,0.0,-3.2126227493601833
2026-08-01,Oyo,rice_fao,Rice,1 Kg,NGN,1,1718.41,1718.41,9.8,0.0,-1.8601012004705875
2026-08-01,Jigawa,rice_fao,Rice,1 Kg,NGN,1,1821.63,1821.63,9.5,0.0,-12.45404345506711
2026-08-01,Yobe,rice_fao,Rice,1 Kg,NGN,18,1824.3194444444443,1810.94,9.833333333333334,0.0,-11.926655947302578
2026-08-01,Kano,rice_fao,Rice,1 Kg,NGN,2,1846.225,1846.225,9.65,0.0,-13.375436061174085
2026-08-01,Katsina,rice_fao,Rice,1 Kg,NGN,2,1934.3200000000002,1934.3200000000002,9.5,0.0,-6.124667559645125
2026-08-01,Gombe,rice_fao,Rice,1 Kg,NGN,1,1952.53,1952.53,9.7,0.0,-12.170052359789118
2026-08-01,Kaduna,rice_fao,Rice,1 Kg,NGN,2,1960.4450000000002,1960.4450000000002,9.5,0.0,-10.40054661541766
2026-08-01,Adamawa,rice_fao,Rice,1 Kg,NGN,7,1992.6142857142856,1966.92,9.614285714285714,0.0,-13.033800618002878
2026-08-01,Borno,rice_fao,Rice,1 Kg,NGN,28,1993.4285714285713,2023.635,9.885714285714286,0.0,-14.960679827020495
2026-08-01,Lagos,rice_fao,Rice,1 Kg,NGN,1,2253.37,2253.37,9.5,0.0,2.757535683341694
2026-08-01,Abia,rice_fao,Rice,1 Kg,NGN,1,2577.93,2577.93,9.5,0.0,-5.309149412114733
2026-08-01,Borno,sorghum_fao,Sorghum,1 Kg,NGN,28,427.15857142857146,425.28499999999997,9.785714285714286,0.0,-21.661757607077426
2026-08-01,Kaduna,sorghum_fao,Sorghum,1 Kg,NGN,2,427.59000000000003,427.59000000000003,8.9,0.0,-15.059594755661488
2026-08-01,Gombe,sorghum_fao,Sorghum,1 Kg,NGN,1,433.92,433.92,9.5,0.0,-27.294661707047354
2026-08-01,Adamawa,sorghum_fao,Sorghum,1 Kg,NGN,7,438.3828571428571,438.09,9.385714285714286,0.0,-19.434380349285373
2026-08-01,Kebbi,sorghum_fao,Sorghum,1 Kg,NGN,1,438.53,438.53,8.9,0.0,-4.754354719603848
2026-08-01,Yobe,sorghum_fao,Sorghum,1 Kg,NGN,18,442.4111111111111,438.69,9.633333333333333,0.0,-15.540938261967963
2026-08-01,Jigawa,sorghum_fao,Sorghum,1 Kg,NGN,1,444.29,444.29,8.9,0.0,-13.538707040828236
2026-08-01,Zamfara,sorghum_fao,Sorghum,1 Kg,NGN,1,465.25,465.25,9.7,0.0,-5.0820140362330735
2026-08-01,Sokoto,sorghum_fao,Sorghum,1 Kg,NGN,1,465.32,465.32,8.9,0.0,-5.6567049186975416
2026-08-01,Kano,sorghum_fao,Sorghum,1 Kg,NGN,2,470.74,470.74,9.25,0.0,-8.73948276530574
2026-08-01,Oyo,sorghum_fao,Sorghum,1 Kg,NGN,1,473.08,473.08,9.7,0.0,-12.421785330815649
2026-08-01,Katsina,sorghum_fao,Sorghum,1 Kg,NGN,2,476.96500000000003,476.96500000000003,8.9,0.0,-12.941144259991056
2026-08-01,Lagos,sorghum_fao,Sorghum,1 Kg,NGN,1,564.75,564.75,8.9,0.0,-4.050357634346491
2026-08-01,Abia,sorghum_fao,Sorghum,1 Kg,NGN,1,713.46,713.46,8.9,0.0,-17.15609433239279
2026-08-01,Oyo,yam,Yam,2.5 KG,NGN,1,2040.33,2040.33,9.5,0.0,-8.640985801344192
2026-08-01,Lagos,yam,Yam,2.5 KG,NGN,1,2452.13,2452.13,8.5,0.0,-6.779422610493979
2026-08-01,Kaduna,yam,Yam,2.5 KG,NGN,2,2587.56,2587.56,8.5,0.0,-7.793783574311142
2026-08-01,Sokoto,yam,Yam,2.5 KG,NGN,1,2635.5,2635.5,8.5,0.0,7.891580322016756
2026-08-01,Katsina,yam,Yam,2.5 KG,NGN,2,2656.66,2656.66,8.5,0.0,-5.036362109055947
2026-08-01,Kebbi,yam,Yam,2.5 KG,NGN,1,2740.3,2740.3,8.5,0.0,8.385509573664418
2026-08-01,Jigawa,yam,Yam,2.5 KG,NGN,1,2742.6,2742.6,8.5,0.0,0.1449629924451301
2026-08-01,Kano,yam,Yam,2.5 KG,NGN,2,2828.165,2828.165,9.0,0.0,-13.40704123794988
2026-08-01,Zamfara,yam,Yam,2.5 KG,NGN,1,2834.13,2834.13,9.5,0.0,1.3916565005384296
2026-08-01,Gombe,yam,Yam,2.5 KG,NGN,1,2966.82,2966.82,9.6,0.0,4.488303784629033
2026-08-01,Adamawa,yam,Yam,2.5 KG,NGN,7,3012.9700000000003,3073.28,8.614285714285714,0.0,4.113694411836444
2026-08-01,Abia,yam,Yam,2.5 KG,NGN,1,3087.27,3087.27,8.5,0.0,0.048286008723885665
2026-08-01,Yobe,yam,Yam,2.5 KG,NGN,18,3237.6194444444445,3013.065,9.011111111111111,0.0,-9.045967588003656
2026-08-01,Borno,yam,Yam,2.5 KG,NGN,28,3619.787142857143,3760.67,9.067857142857143,0.0,9.472817854105076
